<?xml version="1.0" encoding="UTF-8"?>
<!DOCTYPE suite SYSTEM "https://testng.org/testng-1.0.dtd">
<suite name="Suite" parallel="tests" thread-count="2">
	<!-- ANDROID TESTS -->
	<test name="RegressionTests-Android">
		<parameter name="profile" value="local.virtual.pixel7.json" />
		<parameter name="port" value="4723" />
		<classes>
			<class name="com.saucedemo.apps.runner.TestRunner"/>
		</classes>
	</test>
	<!-- IOS TESTS -->
	<test name="RegressionTests-iOS">
		<parameter name="profile" value="local.virtual.iphone15.json" />
		<parameter name="port" value="4724" />
		<classes>
			<class name="com.saucedemo.apps.runner.TestRunner"/>
		</classes>
	</test> <!-- Test -->
</suite> <!-- Suite -->
