<suite name="RegressionTestSuite" parallel="tests" thread-count="2">
    <test name="RegressionTests-Android">
        <parameter name="profile" value="local.virtual.pixel7.json" />
        <parameter name="port" value="4723" />
        <packages>
            <package name="com.saucedemo.apps.test" />
        </packages>
    </test>
    <test name="RegressionTests-IOS">
        <parameter name="profile" value="local.virtual.iphone15.json" />
        <parameter name="port" value="4724" />
        <packages>
            <package name="com.saucedemo.apps.test" />
        </packages>
    </test>
</suite>