<!DOCTYPE suite SYSTEM "https://testng.org/testng-1.0.dtd">
<suite name="RegressionTestSuite" parallel="tests" thread-count="2">
    <test name="RegressionTests-IOS">
        <parameter name="profile" value="local.virtual.iphone15.json" />
        <parameter name="port" value="4724" />
        <packages>
            <package name="com.saucedemo.apps.test" />
        </packages>
    </test>
    <test name="RegressionTests-Android-Chrome">
        <parameter name="profile" value="local.real.json" />
        <parameter name="port" value="4723" />
          <parameter name="browser" value="chrome" />
        <packages>
            <package name="com.saucedemo.browser.test" />
        </packages>
    </test>
   
</suite>